tube #,blendID,16S Forward Primers plate,16S primer location (row),16S primer location (column),sequence_name,year,ava_id,ava,tank
1,2016_AS2_A,V4_Plate-1,A,1,AACCAACCGTGTGCCAGCMGCCGCGGTAA,2016,AS2,AS,A
2,2016_AS2_B,V4_Plate-1,A,2,AACCTACGGTGTGCCAGCMGCCGCGGTAA,2016,AS2,AS,B
3,2016_AS2_C,V4_Plate-1,A,3,AACGCCATGTGTGCCAGCMGCCGCGGTAA,2016,AS2,AS,C
4,2016_AS2_D,V4_Plate-1,A,4,ACCAGAAGGTGTGCCAGCMGCCGCGGTAA,2016,AS2,AS,D
5,2016_AS1_A,V4_Plate-1,A,5,ACCTACCTGTGTGCCAGCMGCCGCGGTAA,2016,AS1,AS,A
6,2016_AS1_B,V4_Plate-1,A,6,AGACCTCAGTGTGCCAGCMGCCGCGGTAA,2016,AS1,AS,B
7,2016_AS1_C,V4_Plate-1,A,7,AGACTGAGGTGTGCCAGCMGCCGCGGTAA,2016,AS1,AS,C
8,2016_AS1_D,V4_Plate-1,A,8,AGTCCACAGTGTGCCAGCMGCCGCGGTAA,2016,AS1,AS,D
9,2016_SNC2_A,V4_Plate-1,A,9,AGTCTCAGGTGTGCCAGCMGCCGCGGTAA,2016,SNC2,SNC,A
10,2016_SNC2_B,V4_Plate-1,A,10,ATTAGCGCGTGTGCCAGCMGCCGCGGTAA,2016,SNC2,SNC,B
11,2016_SNC2_C,V4_Plate-1,A,11,CAACCTAGGTGTGCCAGCMGCCGCGGTAA,2016,SNC2,SNC,C
12,2016_SNC2_D,V4_Plate-1,A,12,CAACTGCAGTGTGCCAGCMGCCGCGGTAA,2016,SNC2,SNC,D
13,2016_CRN1_A,V4_Plate-1,B,1,AACCAAGGGTGTGCCAGCMGCCGCGGTAA,2016,CRN1,CRN,A
14,2016_CRN1_B,V4_Plate-1,B,2,AACCTAGCGTGTGCCAGCMGCCGCGGTAA,2016,CRN1,CRN,B
15,2016_CRN1_C,V4_Plate-1,B,3,AACGCCTAGTGTGCCAGCMGCCGCGGTAA,2016,CRN1,CRN,C
16,2016_CRN1_D,V4_Plate-1,B,4,ACCAGATCGTGTGCCAGCMGCCGCGGTAA,2016,CRN1,CRN,D
17,2016_SMV1_A,V4_Plate-1,B,5,ACCTACGAGTGTGCCAGCMGCCGCGGTAA,2016,SMV1,SMV,A
18,2016_SMV1_B,V4_Plate-1,B,6,AGACCTGTGTGTGCCAGCMGCCGCGGTAA,2016,SMV1,SMV,B
19,2016_SMV1_C,V4_Plate-1,B,7,AGACTGTCGTGTGCCAGCMGCCGCGGTAA,2016,SMV1,SMV,C
20,2016_SMV1_D,V4_Plate-1,B,8,AGTCCAGTGTGTGCCAGCMGCCGCGGTAA,2016,SMV1,SMV,D
21,2016_AV1_A,V4_Plate-1,B,9,AGTCTCTCGTGTGCCAGCMGCCGCGGTAA,2016,AV1,AV,A
22,2016_AV1_B,V4_Plate-1,B,10,ATTAGGCCGTGTGCCAGCMGCCGCGGTAA,2016,AV1,AV,B
23,2016_AV1_C,V4_Plate-1,B,11,CAACCTTCGTGTGCCAGCMGCCGCGGTAA,2016,AV1,AV,C
24,2016_AV1_D,V4_Plate-1,B,12,CAACTGGTGTGTGCCAGCMGCCGCGGTAA,2016,AV1,AV,D
25,2016_RRV1_A,V4_Plate-1,C,1,AACCATCGGTGTGCCAGCMGCCGCGGTAA,2016,RRV1,RRV,A
26,2016_RRV1_B,V4_Plate-1,C,2,AACCTTCCGTGTGCCAGCMGCCGCGGTAA,2016,RRV1,RRV,B
27,2016_RRV1_C,V4_Plate-1,C,3,ACCAAGCTGTGTGCCAGCMGCCGCGGTAA,2016,RRV1,RRV,C
28,2016_RRV1_D,V4_Plate-1,C,4,ACCAGTACGTGTGCCAGCMGCCGCGGTAA,2016,RRV1,RRV,D
29,2016_RRV2_A,V4_Plate-1,C,5,ACCTAGCAGTGTGCCAGCMGCCGCGGTAA,2016,RRV2,RRV,A
30,2016_RRV2_B,V4_Plate-1,C,6,AGACGACAGTGTGCCAGCMGCCGCGGTAA,2016,RRV2,RRV,B
31,2016_RRV2_C,V4_Plate-1,C,7,AGAGACACGTGTGCCAGCMGCCGCGGTAA,2016,RRV2,RRV,C
32,2016_RRV2_D,V4_Plate-1,C,8,AGTCCTCTGTGTGCCAGCMGCCGCGGTAA,2016,RRV2,RRV,D
33,2016_SRH1_A,V4_Plate-1,C,9,AGTCTGACGTGTGCCAGCMGCCGCGGTAA,2016,SRH1,SRH,A
34,2016_SRH1_B,V4_Plate-1,C,10,CAACACCAGTGTGCCAGCMGCCGCGGTAA,2016,SRH1,SRH,B
35,2016_SRH1_C,V4_Plate-1,C,11,CAACGAAGGTGTGCCAGCMGCCGCGGTAA,2016,SRH1,SRH,C
36,2016_SRH1_D,V4_Plate-1,C,12,CAGTTGACGTGTGCCAGCMGCCGCGGTAA,2016,SRH1,SRH,D
37,2016_SMV2_A,V4_Plate-1,D,1,AACCATGCGTGTGCCAGCMGCCGCGGTAA,2016,SMV2,SMV,A
38,2016_SMV2_B,V4_Plate-1,D,2,AACCTTGGGTGTGCCAGCMGCCGCGGTAA,2016,SMV2,SMV,B
39,2016_SMV2_C,V4_Plate-1,D,3,ACCAAGGAGTGTGCCAGCMGCCGCGGTAA,2016,SMV2,SMV,C
40,2016_SMV2_D,V4_Plate-1,D,4,ACCAGTTGGTGTGCCAGCMGCCGCGGTAA,2016,SMV2,SMV,D
41,2016_SNC1_A,V4_Plate-1,D,5,ACCTAGGTGTGTGCCAGCMGCCGCGGTAA,2016,SNC1,SNC,A
42,2016_SNC1_B,V4_Plate-1,D,6,AGACGAGTGTGTGCCAGCMGCCGCGGTAA,2016,SNC1,SNC,B
43,2016_SNC1_C,V4_Plate-1,D,7,AGAGACTGGTGTGCCAGCMGCCGCGGTAA,2016,SNC1,SNC,C
44,2016_SNC1_D,V4_Plate-1,D,8,AGTCCTGAGTGTGCCAGCMGCCGCGGTAA,2016,SNC1,SNC,D
45,2016_RRV3_A,V4_Plate-1,D,9,AGTCTGTGGTGTGCCAGCMGCCGCGGTAA,2016,RRV3,RRV,A
46,2016_RRV3_B,V4_Plate-1,D,10,CAACACGTGTGTGCCAGCMGCCGCGGTAA,2016,RRV3,RRV,B
47,2016_RRV3_C,V4_Plate-1,D,11,CAACGATCGTGTGCCAGCMGCCGCGGTAA,2016,RRV3,RRV,C
48,2016_RRV3_D,V4_Plate-1,D,12,CAGTTGTGGTGTGCCAGCMGCCGCGGTAA,2016,RRV3,RRV,D
49,2016_OR1_A,V4_Plate-1,E,1,AACCGCATGTGTGCCAGCMGCCGCGGTAA,2016,OR1,OR,A
50,2016_OR1_B,V4_Plate-1,E,2,AACGAACGGTGTGCCAGCMGCCGCGGTAA,2016,OR1,OR,B
51,2016_OR1_C,V4_Plate-1,E,3,ACCACAACGTGTGCCAGCMGCCGCGGTAA,2016,OR1,OR,C
52,2016_OR1_D,V4_Plate-1,E,4,ACCATCCTGTGTGCCAGCMGCCGCGGTAA,2016,OR1,OR,D
53,16mock community #1a,V4_Plate-1,E,5,AGACAGACGTGTGCCAGCMGCCGCGGTAA,NA,NA,NA,NA
54,16mock community #2a,V4_Plate-1,E,6,AGACGTCTGTGTGCCAGCMGCCGCGGTAA,NA,NA,NA,NA
55,16mock community #3a,V4_Plate-1,E,7,AGAGAGAGGTGTGCCAGCMGCCGCGGTAA,NA,NA,NA,NA
56,16negative control #1a,V4_Plate-1,H,10,CAACCATGGTGTGCCAGCMGCCGCGGTAA,NA,NA,NA,NA
57,16negative control#2a,V4_Plate-1,H,11,CAACTCGAGTGTGCCAGCMGCCGCGGTAA,NA,NA,NA,NA
58,16negative control #3a,V4_Plate-1,H,12,CATCAGGTGTGTGCCAGCMGCCGCGGTAA,NA,NA,NA,NA
1,2017_AS1_A,V4_Plate-2,A,1,CATCCAAGGTGTGCCAGCMGCCGCGGTAA,2017,AS1,AS,A
2,2017_AS1_B,V4_Plate-2,A,2,CATCTCCAGTGTGCCAGCMGCCGCGGTAA,2017,AS1,AS,B
3,2017_AS1_C,V4_Plate-2,A,3,CGAAGCAAGTGTGCCAGCMGCCGCGGTAA,2017,AS1,AS,C
4,2017_AS1_D,V4_Plate-2,A,4,CGATAACCGTGTGCCAGCMGCCGCGGTAA,2017,AS1,AS,D
5,2017_AS2_A,V4_Plate-2,A,5,CTAGTGCAGTGTGCCAGCMGCCGCGGTAA,2017,AS2,AS,A
6,2017_AS2_B,V4_Plate-2,A,6,CTCACTCAGTGTGCCAGCMGCCGCGGTAA,2017,AS2,AS,B
7,2017_AS2_C,V4_Plate-2,A,7,CTTGTCCAGTGTGCCAGCMGCCGCGGTAA,2017,AS2,AS,C
8,2017_AS2_D,V4_Plate-2,A,8,GAACCAAGGTGTGCCAGCMGCCGCGGTAA,2017,AS2,AS,D
9,2017_SNC2_A,V4_Plate-2,A,9,GAACTCCAGTGTGCCAGCMGCCGCGGTAA,2017,SNC2,SNC,A
10,2017_SNC2_B,V4_Plate-2,A,10,GATCAGCTGTGTGCCAGCMGCCGCGGTAA,2017,SNC2,SNC,B
11,2017_SNC2_C,V4_Plate-2,A,11,GATCGTACGTGTGCCAGCMGCCGCGGTAA,2017,SNC2,SNC,C
12,2017_SNC2_D,V4_Plate-2,A,12,GCTTGCAAGTGTGCCAGCMGCCGCGGTAA,2017,SNC2,SNC,D
13,2017_CRN1_A,V4_Plate-2,B,1,CATCCATCGTGTGCCAGCMGCCGCGGTAA,2017,CRN1,CRN,A
14,2017_CRN1_B,V4_Plate-2,B,2,CATCTCGTGTGTGCCAGCMGCCGCGGTAA,2017,CRN1,CRN,B
15,2017_CRN1_C,V4_Plate-2,B,3,CGAAGCTTGTGTGCCAGCMGCCGCGGTAA,2017,CRN1,CRN,C
16,2017_CRN1_D,V4_Plate-2,B,4,CGATAAGGGTGTGCCAGCMGCCGCGGTAA,2017,CRN1,CRN,D
17,2017_SMV1_A,V4_Plate-2,B,5,CTAGTGGTGTGTGCCAGCMGCCGCGGTAA,2017,SMV1,SMV,A
18,2017_SMV1_B,V4_Plate-2,B,6,CTCACTGTGTGTGCCAGCMGCCGCGGTAA,2017,SMV1,SMV,B
19,2017_SMV1_C,V4_Plate-2,B,7,CTTGTCGTGTGTGCCAGCMGCCGCGGTAA,2017,SMV1,SMV,C
20,2017_SMV1_D,V4_Plate-2,B,8,GAACCATCGTGTGCCAGCMGCCGCGGTAA,2017,SMV1,SMV,D
21,2017_SMV2_A,V4_Plate-2,B,9,GAACTCGTGTGTGCCAGCMGCCGCGGTAA,2017,SMV2,SMV,A
22,2017_SMV2_B,V4_Plate-2,B,10,GATCAGGAGTGTGCCAGCMGCCGCGGTAA,2017,SMV2,SMV,B
23,2017_SMV2_C,V4_Plate-2,B,11,GATCGTTGGTGTGCCAGCMGCCGCGGTAA,2017,SMV2,SMV,C
24,2017_SMV2_D,V4_Plate-2,B,12,GCTTGCTTGTGTGCCAGCMGCCGCGGTAA,2017,SMV2,SMV,D
25,2017_RRV2_A,V4_Plate-2,C,1,CATCCTACGTGTGCCAGCMGCCGCGGTAA,2017,RRV2,RRV,A
26,2017_RRV2_B,V4_Plate-2,C,2,CATCTGCTGTGTGCCAGCMGCCGCGGTAA,2017,RRV2,RRV,B
27,2017_RRV2_C,V4_Plate-2,C,3,CGAAGGATGTGTGCCAGCMGCCGCGGTAA,2017,RRV2,RRV,C
28,2017_RRV2_D,V4_Plate-2,C,4,CGATATCGGTGTGCCAGCMGCCGCGGTAA,2017,RRV2,RRV,D
29,2017_RRV1_A,V4_Plate-2,C,5,CTCAACAGGTGTGCCAGCMGCCGCGGTAA,2017,RRV1,RRV,A
30,2017_RRV1_B,V4_Plate-2,C,6,CTCAGACAGTGTGCCAGCMGCCGCGGTAA,2017,RRV1,RRV,B
31,2017_RRV1_C,V4_Plate-2,C,7,CTTGTGCTGTGTGCCAGCMGCCGCGGTAA,2017,RRV1,RRV,C
32,2017_RRV1_D,V4_Plate-2,C,8,GAACCTACGTGTGCCAGCMGCCGCGGTAA,2017,RRV1,RRV,D
33,2017_SNC1_A,V4_Plate-2,C,9,GAGTTCACGTGTGCCAGCMGCCGCGGTAA,2017,SNC1,SNC,A
34,2017_SNC1_B,V4_Plate-2,C,10,GATCCAACGTGTGCCAGCMGCCGCGGTAA,2017,SNC1,SNC,B
35,2017_SNC1_C,V4_Plate-2,C,11,GATCTCCTGTGTGCCAGCMGCCGCGGTAA,2017,SNC1,SNC,C
36,2017_SNC1_D,V4_Plate-2,C,12,GCTTGGATGTGTGCCAGCMGCCGCGGTAA,2017,SNC1,SNC,D
37,2017_SRH1_A,V4_Plate-2,D,1,CATCCTTGGTGTGCCAGCMGCCGCGGTAA,2017,SRH1,SRH,A
38,2017_SRH1_B,V4_Plate-2,D,2,CATCTGGAGTGTGCCAGCMGCCGCGGTAA,2017,SRH1,SRH,B
39,2017_SRH1_C,V4_Plate-2,D,3,CGAAGGTAGTGTGCCAGCMGCCGCGGTAA,2017,SRH1,SRH,C
40,2017_SRH1_D,V4_Plate-2,D,4,CGATATGCGTGTGCCAGCMGCCGCGGTAA,2017,SRH1,SRH,D
41,2017_AV1_A,V4_Plate-2,D,5,CTCAACTCGTGTGCCAGCMGCCGCGGTAA,2017,AV1,AV,A
42,2017_AV1_B,V4_Plate-2,D,6,CTCAGAGTGTGTGCCAGCMGCCGCGGTAA,2017,AV1,AV,B
43,2017_AV1_C,V4_Plate-2,D,7,CTTGTGGAGTGTGCCAGCMGCCGCGGTAA,2017,AV1,AV,C
44,2017_AV1_D,V4_Plate-2,D,8,GAACCTTGGTGTGCCAGCMGCCGCGGTAA,2017,AV1,AV,D
45,2017_RRV3_A,V4_Plate-2,D,9,GAGTTCTGGTGTGCCAGCMGCCGCGGTAA,2017,RRV3,RRV,A
46,2017_RRV3_B,V4_Plate-2,D,10,GATCCATGGTGTGCCAGCMGCCGCGGTAA,2017,RRV3,RRV,B
47,2017_RRV3_C,V4_Plate-2,D,11,GATCTCGAGTGTGCCAGCMGCCGCGGTAA,2017,RRV3,RRV,C
48,2017_RRV3_D,V4_Plate-2,D,12,GCTTGGTAGTGTGCCAGCMGCCGCGGTAA,2017,RRV3,RRV,D
49,2017_AV2_A,V4_Plate-2,E,1,CATCGAACGTGTGCCAGCMGCCGCGGTAA,2017,AV2,AV,A
50,2017_AV2_B,V4_Plate-2,E,2,CGAACCATGTGTGCCAGCMGCCGCGGTAA,2017,AV2,AV,B
51,2017_AV2_C,V4_Plate-2,E,3,CGAATACCGTGTGCCAGCMGCCGCGGTAA,2017,AV2,AV,C
52,2017_AV2_D,V4_Plate-2,E,4,CGATCCAAGTGTGCCAGCMGCCGCGGTAA,2017,AV2,AV,D
53,2017_OR1_A,V4_Plate-2,E,5,CTCAAGACGTGTGCCAGCMGCCGCGGTAA,2017,OR1,OR,A
54,2017_OR1_B,V4_Plate-2,E,6,CTCAGTCTGTGTGCCAGCMGCCGCGGTAA,2017,OR1,OR,B
55,2017_OR1_C,V4_Plate-2,E,7,GAACACCTGTGTGCCAGCMGCCGCGGTAA,2017,OR1,OR,C
56,2017_OR1_D,V4_Plate-2,E,8,GAACGAACGTGTGCCAGCMGCCGCGGTAA,2017,OR1,OR,D
57,2017_OR2_A,V4_Plate-2,E,9,GAGTTGAGGTGTGCCAGCMGCCGCGGTAA,2017,OR2,OR,A
58,2017_OR2_B,V4_Plate-2,E,10,GATCCTAGGTGTGCCAGCMGCCGCGGTAA,2017,OR2,OR,B
59,2017_OR2_C,V4_Plate-2,E,11,GCTTCCATGTGTGCCAGCMGCCGCGGTAA,2017,OR2,OR,C
60,2017_OR2_D,V4_Plate-2,E,12,GGAACCAAGTGTGCCAGCMGCCGCGGTAA,2017,OR2,OR,D
61,17mock community #1b,V4_Plate-2,F,1,CATCGATGGTGTGCCAGCMGCCGCGGTAA,NA,NA,NA,NA
62,17mock community #2b,V4_Plate-2,F,2,CGAACCTAGTGTGCCAGCMGCCGCGGTAA,NA,NA,NA,NA
63,17mock community #3b,V4_Plate-2,F,3,CGAATAGGGTGTGCCAGCMGCCGCGGTAA,NA,NA,NA,NA
64,17negative control #1b,V4_Plate-2,H,10,GATCGATCGTGTGCCAGCMGCCGCGGTAA,NA,NA,NA,NA
65,17negative control#2b,V4_Plate-2,H,11,GCTTCGTTGTGTGCCAGCMGCCGCGGTAA,NA,NA,NA,NA
66,17negative control #3b,V4_Plate-2,H,12,GGAACGTAGTGTGCCAGCMGCCGCGGTAA,NA,NA,NA,NA
