tube #,blendID,BITS Forward Primers plate  (official name),BITS Forward Primers plate (my unofficial labelling of the plates),sequence_name,year,ava_id,ava,tank
1,2016_AS2_A,BITS Plate 2 A1,BITS Forward Primers Plate 1,AAGGCGTACTACCTGCGGARGGATCA,2016,AS2,AS,A
2,2016_AS2_B,BITS Plate 2 A2,BITS Forward Primers Plate 1,AAGGTACGCTACCTGCGGARGGATCA,2016,AS2,AS,B
3,2016_AS2_C,BITS Plate 2 A3,BITS Forward Primers Plate 1,AAGGTAGCCTACCTGCGGARGGATCA,2016,AS2,AS,C
4,2016_AS2_D,BITS Plate 2 A4,BITS Forward Primers Plate 1,AAGGTTCCCTACCTGCGGARGGATCA,2016,AS2,AS,D
5,2016_AS1_A,BITS Plate 2 A5,BITS Forward Primers Plate 1,AAGGTTGGCTACCTGCGGARGGATCA,2016,AS1,AS,A
6,2016_AS1_B,BITS Plate 2 A6,BITS Forward Primers Plate 1,AATACCGCCTACCTGCGGARGGATCA,2016,AS1,AS,B
7,2016_AS1_C,BITS Plate 2 A7,BITS Forward Primers Plate 1,AATACGCCCTACCTGCGGARGGATCA,2016,AS1,AS,C
8,2016_AS1_D,BITS Plate 2 A8,BITS Forward Primers Plate 1,AATAGCGGCTACCTGCGGARGGATCA,2016,AS1,AS,D
9,2016_SNC2_A,BITS Plate 2 A9,BITS Forward Primers Plate 1,AATAGGCGCTACCTGCGGARGGATCA,2016,SNC2,SNC,A
10,2016_SNC2_B,BITS Plate 2 A10,BITS Forward Primers Plate 1,AATTCCGGCTACCTGCGGARGGATCA,2016,SNC2,SNC,B
11,2016_SNC2_C,BITS Plate 2 A11,BITS Forward Primers Plate 1,AATTCGCGCTACCTGCGGARGGATCA,2016,SNC2,SNC,C
12,2016_SNC2_D,BITS Plate 2 A12,BITS Forward Primers Plate 1,AATTCGGCCTACCTGCGGARGGATCA,2016,SNC2,SNC,D
13,2016_CRN1_A,BITS Plate 2 B1,BITS Forward Primers Plate 1,AATTGCCGCTACCTGCGGARGGATCA,2016,CRN1,CRN,A
14,2016_CRN1_B,BITS Plate 2 B2,BITS Forward Primers Plate 1,AATTGCGCCTACCTGCGGARGGATCA,2016,CRN1,CRN,B
15,2016_CRN1_C,BITS Plate 2 B3,BITS Forward Primers Plate 1,AATTGGCCCTACCTGCGGARGGATCA,2016,CRN1,CRN,C
16,2016_CRN1_D,BITS Plate 2 B4,BITS Forward Primers Plate 1,ACACACACCTACCTGCGGARGGATCA,2016,CRN1,CRN,D
17,2016_SMV1_A,BITS Plate 2 B5,BITS Forward Primers Plate 1,ACACACTGCTACCTGCGGARGGATCA,2016,SMV1,SMV,A
18,2016_SMV1_B,BITS Plate 2 B6,BITS Forward Primers Plate 1,ACACAGAGCTACCTGCGGARGGATCA,2016,SMV1,SMV,B
19,2016_SMV1_C,BITS Plate 2 B7,BITS Forward Primers Plate 1,ACACAGTCCTACCTGCGGARGGATCA,2016,SMV1,SMV,C
20,2016_SMV1_D,BITS Plate 2 B8,BITS Forward Primers Plate 1,ACACCACACTACCTGCGGARGGATCA,2016,SMV1,SMV,D
21,2016_AV1_A,BITS Plate 2 B9,BITS Forward Primers Plate 1,ACACCAGTCTACCTGCGGARGGATCA,2016,AV1,AV,A
22,2016_AV1_B,BITS Plate 2 B10,BITS Forward Primers Plate 1,ACACCTCTCTACCTGCGGARGGATCA,2016,AV1,AV,B
23,2016_AV1_C,BITS Plate 2 B11,BITS Forward Primers Plate 1,ACACCTGACTACCTGCGGARGGATCA,2016,AV1,AV,C
24,2016_AV1_D,BITS Plate 2 B12,BITS Forward Primers Plate 1,ACACGACTCTACCTGCGGARGGATCA,2016,AV1,AV,D
25,2016_RRV1_A,BITS Plate 2 C1,BITS Forward Primers Plate 1,ACACGAGACTACCTGCGGARGGATCA,2016,RRV1,RRV,A
26,2016_RRV1_B,BITS Plate 2 C2,BITS Forward Primers Plate 1,ACACGTCACTACCTGCGGARGGATCA,2016,RRV1,RRV,B
27,2016_RRV1_C,BITS Plate 2 C3,BITS Forward Primers Plate 1,ACACGTGTCTACCTGCGGARGGATCA,2016,RRV1,RRV,C
28,2016_RRV1_D,BITS Plate 2 C4,BITS Forward Primers Plate 1,ACACTCAGCTACCTGCGGARGGATCA,2016,RRV1,RRV,D
29,2016_RRV2_A,BITS Plate 2 C5,BITS Forward Primers Plate 1,ACACTCTCCTACCTGCGGARGGATCA,2016,RRV2,RRV,A
30,2016_RRV2_B,BITS Plate 2 C6,BITS Forward Primers Plate 1,ACACTGACCTACCTGCGGARGGATCA,2016,RRV2,RRV,B
31,2016_RRV2_C,BITS Plate 2 C7,BITS Forward Primers Plate 1,ACACTGTGCTACCTGCGGARGGATCA,2016,RRV2,RRV,C
32,2016_RRV2_D,BITS Plate 2 C8,BITS Forward Primers Plate 1,ACAGACAGCTACCTGCGGARGGATCA,2016,RRV2,RRV,D
33,2016_SRH1_A,BITS Plate 2 C9,BITS Forward Primers Plate 1,ACAGACTCCTACCTGCGGARGGATCA,2016,SRH1,SRH,A
34,2016_SRH1_B,BITS Plate 2 C10,BITS Forward Primers Plate 1,ACAGAGACCTACCTGCGGARGGATCA,2016,SRH1,SRH,B
35,2016_SRH1_C,BITS Plate 2 C11,BITS Forward Primers Plate 1,ACAGAGTGCTACCTGCGGARGGATCA,2016,SRH1,SRH,C
36,2016_SRH1_D,BITS Plate 2 C12,BITS Forward Primers Plate 1,ACAGCACTCTACCTGCGGARGGATCA,2016,SRH1,SRH,D
37,2016_SMV2_A,BITS Plate 2 D1,BITS Forward Primers Plate 1,ACAGCAGACTACCTGCGGARGGATCA,2016,SMV2,SMV,A
38,2016_SMV2_B,BITS Plate 2 D2,BITS Forward Primers Plate 1,ACAGCTCACTACCTGCGGARGGATCA,2016,SMV2,SMV,B
39,2016_SMV2_C,BITS Plate 2 D3,BITS Forward Primers Plate 1,ACAGCTGTCTACCTGCGGARGGATCA,2016,SMV2,SMV,C
40,2016_SMV2_D,BITS Plate 2 D4,BITS Forward Primers Plate 1,ACAGGACACTACCTGCGGARGGATCA,2016,SMV2,SMV,D
41,2016_SNC1_A,BITS Plate 2 D5,BITS Forward Primers Plate 1,ACAGGAGTCTACCTGCGGARGGATCA,2016,SNC1,SNC,A
42,2016_SNC1_B,BITS Plate 2 D6,BITS Forward Primers Plate 1,ACAGGTCTCTACCTGCGGARGGATCA,2016,SNC1,SNC,B
43,2016_SNC1_C,BITS Plate 2 D7,BITS Forward Primers Plate 1,ACAGGTGACTACCTGCGGARGGATCA,2016,SNC1,SNC,C
44,2016_SNC1_D,BITS Plate 2 D8,BITS Forward Primers Plate 1,ACAGTCACCTACCTGCGGARGGATCA,2016,SNC1,SNC,D
45,2016_RRV3_A,BITS Plate 2 D9,BITS Forward Primers Plate 1,ACAGTCTGCTACCTGCGGARGGATCA,2016,RRV3,RRV,A
46,2016_RRV3_B,BITS Plate 2 D10,BITS Forward Primers Plate 1,ACAGTGAGCTACCTGCGGARGGATCA,2016,RRV3,RRV,B
47,2016_RRV3_C,BITS Plate 2 D11,BITS Forward Primers Plate 1,ACAGTGTCCTACCTGCGGARGGATCA,2016,RRV3,RRV,C
48,2016_RRV3_D,BITS Plate 2 D12,BITS Forward Primers Plate 1,ACCAACCACTACCTGCGGARGGATCA,2016,RRV3,RRV,D
49,2016_OR1_A,BITS Plate 2 E1,BITS Forward Primers Plate 1,ACCAACGTCTACCTGCGGARGGATCA,2016,OR1,OR,A
50,2016_OR1_B,BITS Plate 2 E2,BITS Forward Primers Plate 1,ACCAAGCTCTACCTGCGGARGGATCA,2016,OR1,OR,B
51,2016_OR1_C,BITS Plate 2 E3,BITS Forward Primers Plate 1,ACCAAGGACTACCTGCGGARGGATCA,2016,OR1,OR,C
52,2016_OR1_D,BITS Plate 2 E4,BITS Forward Primers Plate 1,ACCACAACCTACCTGCGGARGGATCA,2016,OR1,OR,D
53,16mock community #1a,BITS Plate 2 E5,BITS Forward Primers Plate 1,ACCACATGCTACCTGCGGARGGATCA,NA,NA,NA,NA
54,16mock community #2a,BITS Plate 2 E6,BITS Forward Primers Plate 1,ACCACTAGCTACCTGCGGARGGATCA,NA,NA,NA,NA
55,16mock community #3a,BITS Plate 2 E7,BITS Forward Primers Plate 1,ACCACTTCCTACCTGCGGARGGATCA,NA,NA,NA,NA
56,16negative control #1a,BITS Plate 2 E8,BITS Forward Primers Plate 1,ACCAGAAGCTACCTGCGGARGGATCA,NA,NA,NA,NA
57,16negative control#2a,BITS Plate 2 E9,BITS Forward Primers Plate 1,ACCAGATCCTACCTGCGGARGGATCA,NA,NA,NA,NA
58,16negative control #3a,BITS Plate 2 E10,BITS Forward Primers Plate 1,ACCAGTACCTACCTGCGGARGGATCA,NA,NA,NA,NA
1,2017_AS1_A,BITS Plate 1 A1,BITS Forward Primers Plate 2,AACCAACCCTACCTGCGGARGGATCA,2017,AS1,AS,A
2,2017_AS1_B,BITS Plate 1 A2,BITS Forward Primers Plate 2,AACCAAGGCTACCTGCGGARGGATCA,2017,AS1,AS,B
3,2017_AS1_C,BITS Plate 1 A3,BITS Forward Primers Plate 2,AACCATCGCTACCTGCGGARGGATCA,2017,AS1,AS,C
4,2017_AS1_D,BITS Plate 1 A4,BITS Forward Primers Plate 2,AACCATGCCTACCTGCGGARGGATCA,2017,AS1,AS,D
5,2017_AS2_A,BITS Plate 1 A5,BITS Forward Primers Plate 2,AACCGCATCTACCTGCGGARGGATCA,2017,AS2,AS,A
6,2017_AS2_B,BITS Plate 1 A6,BITS Forward Primers Plate 2,AACCGCTACTACCTGCGGARGGATCA,2017,AS2,AS,B
7,2017_AS2_C,BITS Plate 1 A7,BITS Forward Primers Plate 2,AACCGGAACTACCTGCGGARGGATCA,2017,AS2,AS,C
8,2017_AS2_D,BITS Plate 1 A8,BITS Forward Primers Plate 2,AACCGGTTCTACCTGCGGARGGATCA,2017,AS2,AS,D
9,2017_SNC2_A,BITS Plate 1 A9,BITS Forward Primers Plate 2,AACCTACGCTACCTGCGGARGGATCA,2017,SNC2,SNC,A
10,2017_SNC2_B,BITS Plate 1 A10,BITS Forward Primers Plate 2,AACCTAGCCTACCTGCGGARGGATCA,2017,SNC2,SNC,B
11,2017_SNC2_C,BITS Plate 1 A11,BITS Forward Primers Plate 2,AACCTTCCCTACCTGCGGARGGATCA,2017,SNC2,SNC,C
12,2017_SNC2_D,BITS Plate 1 A12,BITS Forward Primers Plate 2,AACCTTGGCTACCTGCGGARGGATCA,2017,SNC2,SNC,D
13,2017_CRN1_A,BITS Plate 1 B1,BITS Forward Primers Plate 2,AACGAACGCTACCTGCGGARGGATCA,2017,CRN1,CRN,A
14,2017_CRN1_B,BITS Plate 1 B2,BITS Forward Primers Plate 2,AACGAAGCCTACCTGCGGARGGATCA,2017,CRN1,CRN,B
15,2017_CRN1_C,BITS Plate 1 B3,BITS Forward Primers Plate 2,AACGATCCCTACCTGCGGARGGATCA,2017,CRN1,CRN,C
16,2017_CRN1_D,BITS Plate 1 B4,BITS Forward Primers Plate 2,AACGATGGCTACCTGCGGARGGATCA,2017,CRN1,CRN,D
17,2017_SMV1_A,BITS Plate 1 B5,BITS Forward Primers Plate 2,AACGCCATCTACCTGCGGARGGATCA,2017,SMV1,SMV,A
18,2017_SMV1_B,BITS Plate 1 B6,BITS Forward Primers Plate 2,AACGCCTACTACCTGCGGARGGATCA,2017,SMV1,SMV,B
19,2017_SMV1_C,BITS Plate 1 B7,BITS Forward Primers Plate 2,AACGCGAACTACCTGCGGARGGATCA,2017,SMV1,SMV,C
20,2017_SMV1_D,BITS Plate 1 B8,BITS Forward Primers Plate 2,AACGCGTTCTACCTGCGGARGGATCA,2017,SMV1,SMV,D
21,2017_SMV2_A,BITS Plate 1 B9,BITS Forward Primers Plate 2,AACGGCAACTACCTGCGGARGGATCA,2017,SMV2,SMV,A
22,2017_SMV2_B,BITS Plate 1 B10,BITS Forward Primers Plate 2,AACGGCTTCTACCTGCGGARGGATCA,2017,SMV2,SMV,B
23,2017_SMV2_C,BITS Plate 1 B11,BITS Forward Primers Plate 2,AACGTACCCTACCTGCGGARGGATCA,2017,SMV2,SMV,C
24,2017_SMV2_D,BITS Plate 1 B12,BITS Forward Primers Plate 2,AACGTAGGCTACCTGCGGARGGATCA,2017,SMV2,SMV,D
25,2017_RRV2_A,BITS Plate 1 C1,BITS Forward Primers Plate 2,AACGTTCGCTACCTGCGGARGGATCA,2017,RRV2,RRV,A
26,2017_RRV2_B,BITS Plate 1 C2,BITS Forward Primers Plate 2,AACGTTGCCTACCTGCGGARGGATCA,2017,RRV2,RRV,B
27,2017_RRV2_C,BITS Plate 1 C3,BITS Forward Primers Plate 2,AAGCAACGCTACCTGCGGARGGATCA,2017,RRV2,RRV,C
28,2017_RRV2_D,BITS Plate 1 C4,BITS Forward Primers Plate 2,AAGCAAGCCTACCTGCGGARGGATCA,2017,RRV2,RRV,D
29,2017_RRV1_A,BITS Plate 1 C5,BITS Forward Primers Plate 2,AAGCATCCCTACCTGCGGARGGATCA,2017,RRV1,RRV,A
30,2017_RRV1_B,BITS Plate 1 C6,BITS Forward Primers Plate 2,AAGCATGGCTACCTGCGGARGGATCA,2017,RRV1,RRV,B
31,2017_RRV1_C,BITS Plate 1 C7,BITS Forward Primers Plate 2,AAGCCGAACTACCTGCGGARGGATCA,2017,RRV1,RRV,C
32,2017_RRV1_D,BITS Plate 1 C8,BITS Forward Primers Plate 2,AAGCCGTTCTACCTGCGGARGGATCA,2017,RRV1,RRV,D
33,2017_SNC1_A,BITS Plate 1 C9,BITS Forward Primers Plate 2,AAGCGCAACTACCTGCGGARGGATCA,2017,SNC1,SNC,A
34,2017_SNC1_B,BITS Plate 1 C10,BITS Forward Primers Plate 2,AAGCGCTTCTACCTGCGGARGGATCA,2017,SNC1,SNC,B
35,2017_SNC1_C,BITS Plate 1 C11,BITS Forward Primers Plate 2,AAGCGGATCTACCTGCGGARGGATCA,2017,SNC1,SNC,C
36,2017_SNC1_D,BITS Plate 1 C12,BITS Forward Primers Plate 2,AAGCGGTACTACCTGCGGARGGATCA,2017,SNC1,SNC,D
37,2017_SRH1_A,BITS Plate 1 D1,BITS Forward Primers Plate 2,AAGCTACCCTACCTGCGGARGGATCA,2017,SRH1,SRH,A
38,2017_SRH1_B,BITS Plate 1 D2,BITS Forward Primers Plate 2,AAGCTAGGCTACCTGCGGARGGATCA,2017,SRH1,SRH,B
39,2017_SRH1_C,BITS Plate 1 D3,BITS Forward Primers Plate 2,AAGCTTCGCTACCTGCGGARGGATCA,2017,SRH1,SRH,C
40,2017_SRH1_D,BITS Plate 1 D4,BITS Forward Primers Plate 2,AAGCTTGCCTACCTGCGGARGGATCA,2017,SRH1,SRH,D
41,2017_AV1_A,BITS Plate 1 D5,BITS Forward Primers Plate 2,AAGGAACCCTACCTGCGGARGGATCA,2017,AV1,AV,A
42,2017_AV1_B,BITS Plate 1 D6,BITS Forward Primers Plate 2,AAGGAAGGCTACCTGCGGARGGATCA,2017,AV1,AV,B
43,2017_AV1_C,BITS Plate 1 D7,BITS Forward Primers Plate 2,AAGGATCGCTACCTGCGGARGGATCA,2017,AV1,AV,C
44,2017_AV1_D,BITS Plate 1 D8,BITS Forward Primers Plate 2,AAGGATGCCTACCTGCGGARGGATCA,2017,AV1,AV,D
45,2017_RRV3_A,BITS Plate 1 D9,BITS Forward Primers Plate 2,AAGGCCAACTACCTGCGGARGGATCA,2017,RRV3,RRV,A
46,2017_RRV3_B,BITS Plate 1 D10,BITS Forward Primers Plate 2,AAGGCCTTCTACCTGCGGARGGATCA,2017,RRV3,RRV,B
47,2017_RRV3_C,BITS Plate 1 D11,BITS Forward Primers Plate 2,AAGGCGATCTACCTGCGGARGGATCA,2017,RRV3,RRV,C
48,2017_RRV3_D,BITS Plate 2 F1,BITS Forward Primers Plate 1,ACCATCGACTACCTGCGGARGGATCA,2017,RRV3,RRV,D
49,2017_AV2_A,BITS Plate 2 G1,BITS Forward Primers Plate 1,ACCTGATGCTACCTGCGGARGGATCA,2017,AV2,AV,A
50,2017_AV2_B,BITS Plate 2 G2,BITS Forward Primers Plate 1,ACCTGTAGCTACCTGCGGARGGATCA,2017,AV2,AV,B
51,2017_AV2_C,BITS Plate 2 G3,BITS Forward Primers Plate 1,ACCTGTTCCTACCTGCGGARGGATCA,2017,AV2,AV,C
52,2017_AV2_D,BITS Plate 2 G4,BITS Forward Primers Plate 1,ACCTTCCACTACCTGCGGARGGATCA,2017,AV2,AV,D
53,2017_OR1_A,BITS Plate 2 G5,BITS Forward Primers Plate 1,ACCTTCGTCTACCTGCGGARGGATCA,2017,OR1,OR,A
54,2017_OR1_B,BITS Plate 2 G6,BITS Forward Primers Plate 1,ACCTTGCTCTACCTGCGGARGGATCA,2017,OR1,OR,B
55,2017_OR1_C,BITS Plate 2 G7,BITS Forward Primers Plate 1,ACCTTGGACTACCTGCGGARGGATCA,2017,OR1,OR,C
56,2017_OR1_D,BITS Plate 2 G8,BITS Forward Primers Plate 1,ACGAACCTCTACCTGCGGARGGATCA,2017,OR1,OR,D
57,2017_OR2_A,BITS Plate 2 G9,BITS Forward Primers Plate 1,ACGAACGACTACCTGCGGARGGATCA,2017,OR2,OR,A
58,2017_OR2_B,BITS Plate 2 G10,BITS Forward Primers Plate 1,ACGAAGCACTACCTGCGGARGGATCA,2017,OR2,OR,B
59,2017_OR2_C,BITS Plate 2 G11,BITS Forward Primers Plate 1,ACGAAGGTCTACCTGCGGARGGATCA,2017,OR2,OR,C
60,2017_OR2_D,BITS Plate 2 G12,BITS Forward Primers Plate 1,ACGACAAGCTACCTGCGGARGGATCA,2017,OR2,OR,D
61,17mock community #1b,BITS Plate 2 H1,BITS Forward Primers Plate 1,ACGACATCCTACCTGCGGARGGATCA,NA,NA,NA,NA
62,17mock community #2b,BITS Plate 2 H2,BITS Forward Primers Plate 1,ACGACTACCTACCTGCGGARGGATCA,NA,NA,NA,NA
63,17mock community #3b,BITS Plate 2 H3,BITS Forward Primers Plate 1,ACGACTTGCTACCTGCGGARGGATCA,NA,NA,NA,NA
64,17negative control #1b,BITS Plate 2 H4,BITS Forward Primers Plate 1,ACGAGAACCTACCTGCGGARGGATCA,NA,NA,NA,NA
65,17negative control#2b,BITS Plate 2 H5,BITS Forward Primers Plate 1,ACGAGATGCTACCTGCGGARGGATCA,NA,NA,NA,NA
66,17negative control #3b,BITS Plate 2 H6,BITS Forward Primers Plate 1,ACGAGTAGCTACCTGCGGARGGATCA,NA,NA,NA,NA
