blendID,plate_location,primer_name,sequence_name,date_PCR,PCR_post_kapa_beads_ng_ul,260_280,vol_add_for_25ng_ul,year,ava_id,ava,tank
2019_AS1_A,A01,V4-1,AACCAACCGTGTGCCAGCMGCCGCGGTAA,3-Jun-20,55,1.9,15.6,2019,AS1,AS,A
2019_AS1_B,A02,V4-9,AACCTACGGTGTGCCAGCMGCCGCGGTAA,3-Jun-20,50,1.9,13,2019,AS1,AS,B
2019_AS1_C,A03,V4-17,AACGCCATGTGTGCCAGCMGCCGCGGTAA,3-Jun-20,48,1.8,12,2019,AS1,AS,C
2019_AS1_D,A04,V4-25,ACCAGAAGGTGTGCCAGCMGCCGCGGTAA,3-Jun-20,65,1.8,20.8,2019,AS1,AS,D
2019_AS2_A,A05,V4-33,ACCTACCTGTGTGCCAGCMGCCGCGGTAA,3-Jun-20,71,1.8,23.9,2019,AS2,AS,A
2019_AS2_B,A06,V4-41,AGACCTCAGTGTGCCAGCMGCCGCGGTAA,3-Jun-20,48,1.8,12,2019,AS2,AS,B
2019_AS2_C,A07,V4-49,AGACTGAGGTGTGCCAGCMGCCGCGGTAA,3-Jun-20,76,1.9,26.5,2019,AS2,AS,C
2019_AS2_D,A08,V4-57,AGTCCACAGTGTGCCAGCMGCCGCGGTAA,3-Jun-20,51,1.8,13.5,2019,AS2,AS,D
2019_CRN1_A,A09,V4-65,AGTCTCAGGTGTGCCAGCMGCCGCGGTAA,4-Jun-20,64,1.8,20.3,2019,CRN1,CRN,A
2019_CRN1_B,A10,V4-73,ATTAGCGCGTGTGCCAGCMGCCGCGGTAA,4-Jun-20,49,1.8,12.5,2019,CRN1,CRN,B
2019_CRN1_C,A11,V4-81,CAACCTAGGTGTGCCAGCMGCCGCGGTAA,4-Jun-20,69,1.9,22.9,2019,CRN1,CRN,C
2019_CRN1_D,A12,V4-89,CAACTGCAGTGTGCCAGCMGCCGCGGTAA,4-Jun-20,57,1.8,16.6,2019,CRN1,CRN,D
2019_SMV1_A,B01,V4-2,AACCAAGGGTGTGCCAGCMGCCGCGGTAA,4-Jun-20,58,1.8,17.2,2019,SMV1,SMV,A
2019_SMV1_B,B02,V4-10,AACCTAGCGTGTGCCAGCMGCCGCGGTAA,4-Jun-20,59,1.8,17.7,2019,SMV1,SMV,B
2019_SMV1_C,B03,V4-18,AACGCCTAGTGTGCCAGCMGCCGCGGTAA,4-Jun-20,67,1.9,21.8,2019,SMV1,SMV,C
2019_SMV1_D,B04,V4-26,ACCAGATCGTGTGCCAGCMGCCGCGGTAA,4-Jun-20,89,1.8,33.3,2019,SMV1,SMV,D
2019_SMV2_A,B05,V4-34,ACCTACGAGTGTGCCAGCMGCCGCGGTAA,4-Jun-20,74,1.8,25.5,2019,SMV2,SMV,A
2019_SMV2_B,B06,V4-42,AGACCTGTGTGTGCCAGCMGCCGCGGTAA,4-Jun-20,74,1.8,25.5,2019,SMV2,SMV,B
2019_SMV2_C,B07,V4-50,AGACTGTCGTGTGCCAGCMGCCGCGGTAA,4-Jun-20,76,1.9,26.5,2019,SMV2,SMV,C
2019_SMV2_D,B08,V4-58,AGTCCAGTGTGTGCCAGCMGCCGCGGTAA,4-Jun-20,66,1.8,21.3,2019,SMV2,SMV,D
2019_RRV2_A,B09,V4-66,AGTCTCTCGTGTGCCAGCMGCCGCGGTAA,4-Jun-20,44,1.7,9.9,2019,RRV2,RRV,A
2019_RRV2_B,B10,V4-74,ATTAGGCCGTGTGCCAGCMGCCGCGGTAA,4-Jun-20,42,1.6,8.8,2019,RRV2,RRV,B
2019_RRV2_C,B11,V4-82,CAACCTTCGTGTGCCAGCMGCCGCGGTAA,4-Jun-20,49,1.7,12.5,2019,RRV2,RRV,C
2019_RRV2_D,B12,V4-90,CAACTGGTGTGTGCCAGCMGCCGCGGTAA,4-Jun-20,52,1.8,14,2019,RRV2,RRV,D
2019_SNC1_A,C01,V4-3,AACCATCGGTGTGCCAGCMGCCGCGGTAA,4-Jun-20,29,1.8,2.1,2019,SNC1,SNC,A
2019_SNC1_B,C02,V4-11,AACCTTCCGTGTGCCAGCMGCCGCGGTAA,4-Jun-20,58,1.8,17.2,2019,SNC1,SNC,B
2019_SNC1_C,C03,V4-19,ACCAAGCTGTGTGCCAGCMGCCGCGGTAA,4-Jun-20,31,1.9,3.1,2019,SNC1,SNC,C
2019_SNC1_D,C04,V4-27,ACCAGTACGTGTGCCAGCMGCCGCGGTAA,4-Jun-20,67,1.8,21.8,2019,SNC1,SNC,D
2019_SRH1_A,C05,V4-35,ACCTAGCAGTGTGCCAGCMGCCGCGGTAA,4-Jun-20,105,1.8,41.6,2019,SRH1,SRH,A
2019_SRH1_B,C06,V4-43,AGACGACAGTGTGCCAGCMGCCGCGGTAA,4-Jun-20,68,1.8,22.4,2019,SRH1,SRH,B
2019_SRH1_C,C07,V4-51,AGAGACACGTGTGCCAGCMGCCGCGGTAA,4-Jun-20,93,1.8,35.4,2019,SRH1,SRH,C
2019_SRH1_D,C08,V4-59,AGTCCTCTGTGTGCCAGCMGCCGCGGTAA,4-Jun-20,90,1.8,33.8,2019,SRH1,SRH,D
2019_AV1_A,C09,V4-67,AGTCTGACGTGTGCCAGCMGCCGCGGTAA,4-Jun-20,73,1.8,25,2019,AV1,AV,A
2019_AV1_B,C10,V4-75,CAACACCAGTGTGCCAGCMGCCGCGGTAA,4-Jun-20,67,1.8,21.8,2019,AV1,AV,B
2019_AV1_C,C11,V4-83,CAACGAAGGTGTGCCAGCMGCCGCGGTAA,4-Jun-20,65,1.8,20.8,2019,AV1,AV,C
2019_AV1_D,C12,V4-91,CAGTTGACGTGTGCCAGCMGCCGCGGTAA,4-Jun-20,67,1.8,21.8,2019,AV1,AV,D
2019_RRV3_A,D01,V4-4,AACCATGCGTGTGCCAGCMGCCGCGGTAA,5-Jun-20,69,1.8,22.9,2019,RRV3,RRV,A
2019_RRV3_B,D02,V4-12,AACCTTGGGTGTGCCAGCMGCCGCGGTAA,5-Jun-20,73,1.8,25,2019,RRV3,RRV,B
2019_RRV3_C,D03,V4-20,ACCAAGGAGTGTGCCAGCMGCCGCGGTAA,5-Jun-20,68,1.8,22.4,2019,RRV3,RRV,C
2019_RRV3_D,D04,V4-28,ACCAGTTGGTGTGCCAGCMGCCGCGGTAA,5-Jun-20,70,1.8,23.4,2019,RRV3,RRV,D
2019_AV2_A,D05,V4-36,ACCTAGGTGTGTGCCAGCMGCCGCGGTAA,5-Jun-20,73,1.8,24.7,2019,AV2,AV,A
2019_AV2_B,D06,V4-44,AGACGAGTGTGTGCCAGCMGCCGCGGTAA,5-Jun-20,69,1.8,23.1,2019,AV2,AV,B
2019_AV2_C,D07,V4-52,AGAGACTGGTGTGCCAGCMGCCGCGGTAA,5-Jun-20,47,1.9,11.5,2019,AV2,AV,C
2019_OR1_A,D08,V4-60,AGTCCTGAGTGTGCCAGCMGCCGCGGTAA,5-Jun-20,66,1.8,21.3,2019,OR1,OR,A
2019_OR1_B,D09,V4-68,AGTCTGTGGTGTGCCAGCMGCCGCGGTAA,5-Jun-20,43,1.8,9.3,2019,OR1,OR,B
2019_OR1_C,D10,V4-76,CAACACGTGTGTGCCAGCMGCCGCGGTAA,5-Jun-20,41,1.8,8.4,2019,OR1,OR,C
2019_OR1_D,D11,V4-84,CAACGATCGTGTGCCAGCMGCCGCGGTAA,5-Jun-20,38,1.8,6.9,2019,OR1,OR,D
2019_OR2_A,D12,V4-92,CAGTTGTGGTGTGCCAGCMGCCGCGGTAA,5-Jun-20,71,1.9,23.8,2019,OR2,OR,A
2019_OR2_B,E01,V4-5,AACCGCATGTGTGCCAGCMGCCGCGGTAA,5-Jun-20,70,1.8,23.3,2019,OR2,OR,B
2019_OR2_C,E02,V4-13,AACGAACGGTGTGCCAGCMGCCGCGGTAA,5-Jun-20,75,1.9,25.9,2019,OR2,OR,C
2019_OR2_D,E03,V4-21,ACCACAACGTGTGCCAGCMGCCGCGGTAA,5-Jun-20,75,1.9,25.8,2019,OR2,OR,D
19CH-50FOO,E04,V4-29,ACCATCCTGTGTGCCAGCMGCCGCGGTAA,8-Jun-20,71,1.9,24,NA,NA,NA,NA
19CH-50FPO,E05,V4-37,AGACAGACGTGTGCCAGCMGCCGCGGTAA,8-Jun-20,69,1.8,22.8,NA,NA,NA,NA
19CH-50FNH,E06,V4-45,AGACGTCTGTGTGCCAGCMGCCGCGGTAA,8-Jun-20,69,1.9,22.9,NA,NA,NA,NA
19CH-70FOO,E07,V4-53,AGAGAGAGGTGTGCCAGCMGCCGCGGTAA,8-Jun-20,72,1.8,24.3,NA,NA,NA,NA
Envir. Neg 1,E08,V4-61,AGTCGACTGTGTGCCAGCMGCCGCGGTAA,8-Jun-20,4,1.6,-10.9,NA,NA,NA,NA
Envir. Neg 2,E09,V4-69,AGTGACAGGTGTGCCAGCMGCCGCGGTAA,8-Jun-20,2,1.5,-11.8,NA,NA,NA,NA
Envir. Neg 3,E10,V4-77,CAACAGCTGTGTGCCAGCMGCCGCGGTAA,8-Jun-20,6,1.5,-10,NA,NA,NA,NA
Envir. Neg 4,E11,V4-85,CAACGTACGTGTGCCAGCMGCCGCGGTAA,8-Jun-20,4,1.2,-11.2,NA,NA,NA,NA
JFW_19-1-2,E12,V4-93,CATCACCTGTGTGCCAGCMGCCGCGGTAA,8-Jun-20,80,1.9,28.6,NA,NA,NA,NA
JFW_19-2-2,F01,V4-6,AACCGCTAGTGTGCCAGCMGCCGCGGTAA,8-Jun-20,74,1.9,25.4,NA,NA,NA,NA
JFW_19-19-2,F02,V4-14,AACGAAGCGTGTGCCAGCMGCCGCGGTAA,8-Jun-20,63,1.8,19.9,NA,NA,NA,NA
JFW_19-24-2,F03,V4-22,ACCACATGGTGTGCCAGCMGCCGCGGTAA,8-Jun-20,54,1.8,14.8,NA,NA,NA,NA
JFW_19-19-5,F04,V4-30,ACCATCGAGTGTGCCAGCMGCCGCGGTAA,8-Jun-20,63,1.8,19.7,NA,NA,NA,NA
JFW_19-20-5,F05,V4-38,AGACAGTGGTGTGCCAGCMGCCGCGGTAA,8-Jun-20,54,1.8,15.3,NA,NA,NA,NA
JFW_19-23-5,F06,V4-46,AGACGTGAGTGTGCCAGCMGCCGCGGTAA,8-Jun-20,62,1.8,19.1,NA,NA,NA,NA
JFW_19-24-5,F07,V4-54,AGAGAGTCGTGTGCCAGCMGCCGCGGTAA,8-Jun-20,64,1.9,20.3,NA,NA,NA,NA
