blendID,primer_name,sequence_name,plate_location,date_PCR,PCR_post_kapa_beads_ng_ul,260_280,vol_add_for_25ng_ul,year,ava_id,ava,tank
2019_AS1_A,BITSf-48,AAGGCGTACTACCTGCGGARGGATCA,BITS Plate 2 A1,29-Apr-20,35,1.8,5.2,2019,AS1,AS,A
2019_AS1_B,BITSf-49,AAGGTACGCTACCTGCGGARGGATCA,BITS Plate 2 A2,29-Apr-20,50.8,1.8,13.4,2019,AS1,AS,B
2019_AS1_C,BITSf-50,AAGGTAGCCTACCTGCGGARGGATCA,BITS Plate 2 A3,29-Apr-20,42.4,1.8,9.0,2019,AS1,AS,C
2019_AS1_D,BITSf-51,AAGGTTCCCTACCTGCGGARGGATCA,BITS Plate 2 A4,29-Apr-20,60.4,1.8,18.4,2019,AS1,AS,D
2019_AS2_A,BITSf-52,AAGGTTGGCTACCTGCGGARGGATCA,BITS Plate 2 A5,29-Apr-20,57.4,1.8,16.8,2019,AS2,AS,A
2019_AS2_B,BITSf-53,AATACCGCCTACCTGCGGARGGATCA,BITS Plate 2 A6,29-Apr-20,26.8,1.8,0.9,2019,AS2,AS,B
2019_AS2_C,BITSf-54,AATACGCCCTACCTGCGGARGGATCA,BITS Plate 2 A7,29-Apr-20,61.2,1.8,18.8,2019,AS2,AS,C
2019_AS2_D,BITSf-55,AATAGCGGCTACCTGCGGARGGATCA,BITS Plate 2 A8,29-Apr-20,37.9,1.8,6.7,2019,AS2,AS,D
2019_CRN1_A,BITSf-56,AATAGGCGCTACCTGCGGARGGATCA,BITS Plate 2 A9,1-May-20,60,1.8,18.2,2019,CRN1,CRN,A
2019_CRN1_B,BITSf-57,AATTCCGGCTACCTGCGGARGGATCA,BITS Plate 2 A10,1-May-20,48,1.8,12.0,2019,CRN1,CRN,B
2019_CRN1_C,BITSf-58,AATTCGCGCTACCTGCGGARGGATCA,BITS Plate 2 A11,1-May-20,77,1.8,27.0,2019,CRN1,CRN,C
2019_CRN1_D,BITSf-59,AATTCGGCCTACCTGCGGARGGATCA,BITS Plate 2 A12,1-May-20,60,1.8,18.2,2019,CRN1,CRN,D
2019_SMV1_A,BITSf-60,AATTGCCGCTACCTGCGGARGGATCA,BITS Plate 2 B1,1-May-20,47,1.8,11.4,2019,SMV1,SMV,A
2019_SMV1_B,BITSf-61,AATTGCGCCTACCTGCGGARGGATCA,BITS Plate 2 B2,1-May-20,34,1.8,4.7,2019,SMV1,SMV,B
2019_SMV1_C,BITSf-62,AATTGGCCCTACCTGCGGARGGATCA,BITS Plate 2 B3,1-May-20,53,1.8,14.6,2019,SMV1,SMV,C
2019_SMV1_D,BITSf-63,ACACACACCTACCTGCGGARGGATCA,BITS Plate 2 B4,1-May-20,74,1.8,25.5,2019,SMV1,SMV,D
2019_SMV2_A,BITSf-64,ACACACTGCTACCTGCGGARGGATCA,BITS Plate 2 B5,1-May-20,72,1.9,24.4,2019,SMV2,SMV,A
2019_SMV2_B,BITSf-65,ACACAGAGCTACCTGCGGARGGATCA,BITS Plate 2 B6,1-May-20,51,1.8,13.5,2019,SMV2,SMV,B
2019_SMV2_C,BITSf-66,ACACAGTCCTACCTGCGGARGGATCA,BITS Plate 2 B7,1-May-20,75,1.8,26.0,2019,SMV2,SMV,C
2019_SMV2_D,BITSf-67,ACACCACACTACCTGCGGARGGATCA,BITS Plate 2 B8,1-May-20,79,1.8,28.1,2019,SMV2,SMV,D
2019_RRV2_A,BITSf-68,ACACCAGTCTACCTGCGGARGGATCA,BITS Plate 2 B9,1-May-20,44,1.8,9.9,2019,RRV2,RRV,A
2019_RRV2_B,BITSf-69,ACACCTCTCTACCTGCGGARGGATCA,BITS Plate 2 B10,1-May-20,63,1.8,19.8,2019,RRV2,RRV,B
2019_RRV2_C,BITSf-70,ACACCTGACTACCTGCGGARGGATCA,BITS Plate 2 B11,1-May-20,65,1.7,20.8,2019,RRV2,RRV,C
2019_RRV2_D,BITSf-71,ACACGACTCTACCTGCGGARGGATCA,BITS Plate 2 B12,1-May-20,62,1.6,19.2,2019,RRV2,RRV,D
2019_SNC1_A,BITSf-72,ACACGAGACTACCTGCGGARGGATCA,BITS Plate 2 C1,4-May-20,31,1.8,3.1,2019,SNC1,SNC,A
2019_SNC1_B,BITSf-73,ACACGTCACTACCTGCGGARGGATCA,BITS Plate 2 C2,4-May-20,42,1.7,8.8,2019,SNC1,SNC,B
2019_SNC1_C,BITSf-74,ACACGTGTCTACCTGCGGARGGATCA,BITS Plate 2 C3,4-May-20,66,1.7,21.3,2019,SNC1,SNC,C
2019_SNC1_D,BITSf-75,ACACTCAGCTACCTGCGGARGGATCA,BITS Plate 2 C4,4-May-20,16,1.6,added 6.5ul,2019,SNC1,SNC,D
2019_SRH1_A,BITSf-76,ACACTCTCCTACCTGCGGARGGATCA,BITS Plate 2 C5,4-May-20,61,1.8,18.7,2019,SRH1,SRH,A
2019_SRH1_B,BITSf-77,ACACTGACCTACCTGCGGARGGATCA,BITS Plate 2 C6,4-May-20,47,1.8,11.4,2019,SRH1,SRH,B
2019_SRH1_C,BITSf-78,ACACTGTGCTACCTGCGGARGGATCA,BITS Plate 2 C7,4-May-20,55,1.7,15.6,2019,SRH1,SRH,C
2019_SRH1_D,BITSf-79,ACAGACAGCTACCTGCGGARGGATCA,BITS Plate 2 C8,4-May-20,63,1.8,19.8,2019,SRH1,SRH,D
2019_AV1_A,BITSf-80,ACAGACTCCTACCTGCGGARGGATCA,BITS Plate 2 C9,4-May-20,51,1.8,13.5,2019,AV1,AV,A
2019_AV1_B,BITSf-81,ACAGAGACCTACCTGCGGARGGATCA,BITS Plate 2 C10,4-May-20,72,1.8,24.4,2019,AV1,AV,B
2019_AV1_C,BITSf-82,ACAGAGTGCTACCTGCGGARGGATCA,BITS Plate 2 C11,4-May-20,58,1.8,17.2,2019,AV1,AV,C
2019_AV1_D,BITSf-83,ACAGCACTCTACCTGCGGARGGATCA,BITS Plate 2 C12,4-May-20,53,1.8,14.6,2019,AV1,AV,D
2019_RRV3_A,BITSf-84,ACAGCAGACTACCTGCGGARGGATCA,BITS Plate 2 D1,4-May-20,68,1.8,22.4,2019,RRV3,RRV,A
2019_RRV3_B,BITSf-85,ACAGCTCACTACCTGCGGARGGATCA,BITS Plate 2 D2,4-May-20,54,1.8,15.1,2019,RRV3,RRV,B
2019_RRV3_C,BITSf-86,ACAGCTGTCTACCTGCGGARGGATCA,BITS Plate 2 D3,4-May-20,67,1.8,21.8,2019,RRV3,RRV,C
2019_RRV3_D,BITSf-87,ACAGGACACTACCTGCGGARGGATCA,BITS Plate 2 D4,4-May-20,66,1.8,21.3,2019,RRV3,RRV,D
2019_AV2_A,BITSf-88,ACAGGAGTCTACCTGCGGARGGATCA,BITS Plate 2 D5,6-May-20,81,1.7,29.1,2019,AV2,AV,A
2019_AV2_B,BITSf-89,ACAGGTCTCTACCTGCGGARGGATCA,BITS Plate 2 D6,6-May-20,67,1.6,21.8,2019,AV2,AV,B
2019_AV2_C,BITSf-90,ACAGGTGACTACCTGCGGARGGATCA,BITS Plate 2 D7,6-May-20,63,1.6,19.8,2019,AV2,AV,C
2019_OR1_A,BITSf-91,ACAGTCACCTACCTGCGGARGGATCA,BITS Plate 2 D8,6-May-20,67,1.8,21.8,2019,OR1,OR,A
2019_OR1_B,BITSf-92,ACAGTCTGCTACCTGCGGARGGATCA,BITS Plate 2 D9,6-May-20,65,1.8,20.8,2019,OR1,OR,B
2019_OR1_C,BITSf-93,ACAGTGAGCTACCTGCGGARGGATCA,BITS Plate 2 D10,6-May-20,70,1.8,23.4,2019,OR1,OR,C
2019_OR1_D,BITSf-94,ACAGTGTCCTACCTGCGGARGGATCA,BITS Plate 2 D11,6-May-20,61,1.8,18.7,2019,OR1,OR,D
2019_OR2_A,BITSf-95,ACCAACCACTACCTGCGGARGGATCA,BITS Plate 2 D12,6-May-20,89,1.8,33.3,2019,OR2,OR,A
2019_OR2_B,BITSf-96,ACCAACGTCTACCTGCGGARGGATCA,BITS Plate 2 E1,6-May-20,60,1.8,18.2,2019,OR2,OR,B
2019_OR2_C,BITSf-97,ACCAAGCTCTACCTGCGGARGGATCA,BITS Plate 2 E2,6-May-20,83,1.8,30.2,2019,OR2,OR,C
2019_OR2_D,BITSf-98,ACCAAGGACTACCTGCGGARGGATCA,BITS Plate 2 E3,6-May-20,80,1.8,28.6,2019,OR2,OR,D
19CH-50FOO,BITSf-99,ACCACAACCTACCTGCGGARGGATCA,BITS Plate 2 E4,6-May-20,28,1.7,1.6,NA,NA,NA,NA
19CH-50FPO,BITSf-100,ACCACATGCTACCTGCGGARGGATCA,BITS Plate 2 E5,6-May-20,39,1.8,7.3,NA,NA,NA,NA
19CH-50FNH,BITSf-101,ACCACTAGCTACCTGCGGARGGATCA,BITS Plate 2 E6,6-May-20,42,1.7,8.8,NA,NA,NA,NA
19CH-70FOO,BITSf-102,ACCACTTCCTACCTGCGGARGGATCA,BITS Plate 2 E7,6-May-20,32,1.7,3.6,NA,NA,NA,NA
Envir. Neg 1,BITSf-103,ACCAGAAGCTACCTGCGGARGGATCA,BITS Plate 2 E8,14-May-20,21.9,1.8,4.0,NA,NA,NA,NA
Envir. Neg 2,BITSf-104,ACCAGATCCTACCTGCGGARGGATCA,BITS Plate 2 E9,14-May-20,11,1.7,4.0,NA,NA,NA,NA
Envir. Neg 3,BITSf-105,ACCAGTACCTACCTGCGGARGGATCA,BITS Plate 2 E10,14-May-20,1,0.8,4.0,NA,NA,NA,NA
Envir. Neg 4,BITSf-106,ACCAGTTGCTACCTGCGGARGGATCA,BITS Plate 2 E11,14-May-20,7,1.8,4.0,NA,NA,NA,NA
JFW_19-1-2,BITSf-107,ACCATCCTCTACCTGCGGARGGATCA,BITS Plate 2 E12,20-May-20,83,1.8,30.2,NA,NA,NA,NA
JFW_19-2-2,BITSf-108,ACCATCGACTACCTGCGGARGGATCA,BITS Plate 2 F1,20-May-20,86,1.8,31.7,NA,NA,NA,NA
JFW_19-19-2,BITSf-109,ACCATGCACTACCTGCGGARGGATCA,BITS Plate 2 F2,20-May-20,62,1.8,19.2,NA,NA,NA,NA
JFW_19-24-2,BITSf-110,ACCATGGTCTACCTGCGGARGGATCA,BITS Plate 2 F3,20-May-20,63,1.8,19.8,NA,NA,NA,NA
JFW_19-19-5,BITSf-111,ACCTACCTCTACCTGCGGARGGATCA,BITS Plate 2 F4,20-May-20,63,1.8,19.8,NA,NA,NA,NA
JFW_19-20-5,BITSf-112,ACCTACGACTACCTGCGGARGGATCA,BITS Plate 2 F5,20-May-20,48,1.8,12.0,NA,NA,NA,NA
JFW_19-23-5,BITSf-113,ACCTAGCACTACCTGCGGARGGATCA,BITS Plate 2 F6,20-May-20,62,1.8,19.2,NA,NA,NA,NA
JFW_19-24-5,BITSf-114,ACCTAGGTCTACCTGCGGARGGATCA,BITS Plate 2 F7,20-May-20,84,1.8,30.7,NA,NA,NA,NA
